po_line_id,po_id,variant_id,quantity_ordered,quantity_received,unit_cost_supplier_ccy,landed_cost_per_unit_gbp
PO-2024-0001-L001,PO-2024-0001,var_000217,59,59,61.47,52.25
PO-2024-0001-L002,PO-2024-0001,var_000218,99,99,61.47,52.25
PO-2024-0001-L003,PO-2024-0001,var_000219,166,166,61.47,52.25
PO-2024-0001-L004,PO-2024-0001,var_000220,118,118,61.47,52.25
PO-2024-0001-L005,PO-2024-0001,var_000221,136,136,61.47,52.25
PO-2024-0001-L006,PO-2024-0001,var_000222,58,58,61.47,52.25
PO-2024-0001-L007,PO-2024-0001,var_000223,97,97,61.47,52.25
PO-2024-0001-L008,PO-2024-0001,var_000224,157,157,61.47,52.25
PO-2024-0001-L009,PO-2024-0001,var_000225,129,129,61.47,52.25
PO-2024-0001-L010,PO-2024-0001,var_000226,138,138,61.47,52.25
PO-2024-0001-L011,PO-2024-0001,var_000227,61,61,61.47,52.25
PO-2024-0001-L012,PO-2024-0001,var_000228,109,109,61.47,52.25
PO-2024-0001-L013,PO-2024-0001,var_000229,164,164,61.47,52.25
PO-2024-0001-L014,PO-2024-0001,var_000230,132,132,61.47,52.25
PO-2024-0001-L015,PO-2024-0001,var_000231,114,114,61.47,52.25
PO-2024-0001-L016,PO-2024-0001,var_000232,58,58,80.88,68.75
PO-2024-0001-L017,PO-2024-0001,var_000233,95,95,80.88,68.75
PO-2024-0001-L018,PO-2024-0001,var_000234,133,133,80.88,68.75
PO-2024-0001-L019,PO-2024-0001,var_000235,104,104,80.88,68.75
PO-2024-0001-L020,PO-2024-0001,var_000236,103,103,80.88,68.75
PO-2024-0001-L021,PO-2024-0001,var_000237,58,58,80.88,68.75
PO-2024-0001-L022,PO-2024-0001,var_000238,80,80,80.88,68.75
PO-2024-0001-L023,PO-2024-0001,var_000239,134,134,80.88,68.75
PO-2024-0001-L024,PO-2024-0001,var_000240,104,104,80.88,68.75
PO-2024-0001-L025,PO-2024-0001,var_000241,106,106,80.88,68.75
PO-2024-0001-L026,PO-2024-0001,var_000242,108,108,21.56,18.33
PO-2024-0001-L027,PO-2024-0001,var_000243,150,150,21.56,18.33
PO-2024-0001-L028,PO-2024-0001,var_000244,245,245,21.56,18.33
PO-2024-0001-L029,PO-2024-0001,var_000245,208,208,21.56,18.33
PO-2024-0001-L030,PO-2024-0001,var_000246,189,189,21.56,18.33
PO-2024-0001-L031,PO-2024-0001,var_000247,92,92,21.56,18.33
PO-2024-0001-L032,PO-2024-0001,var_000248,166,166,21.56,18.33
PO-2024-0001-L033,PO-2024-0001,var_000249,234,234,21.56,18.33
PO-2024-0001-L034,PO-2024-0001,var_000250,189,189,21.56,18.33
PO-2024-0001-L035,PO-2024-0001,var_000251,186,186,21.56,18.33
PO-2024-0001-L036,PO-2024-0001,var_000252,108,108,21.56,18.33
PO-2024-0001-L037,PO-2024-0001,var_000253,162,162,21.56,18.33
PO-2024-0001-L038,PO-2024-0001,var_000254,238,238,21.56,18.33
PO-2024-0001-L039,PO-2024-0001,var_000255,182,182,21.56,18.33
PO-2024-0001-L040,PO-2024-0001,var_000256,214,214,21.56,18.33
PO-2024-0002-L001,PO-2024-0002,var_000257,139,139,29.56,25.13
PO-2024-0002-L002,PO-2024-0002,var_000258,142,142,29.56,25.13
PO-2024-0002-L003,PO-2024-0002,var_000259,124,124,29.56,25.13
PO-2024-0002-L004,PO-2024-0002,var_000274,33,33,88.24,75.00
PO-2024-0002-L005,PO-2024-0002,var_000275,53,53,88.24,75.00
PO-2024-0002-L006,PO-2024-0002,var_000276,75,75,88.24,75.00
PO-2024-0002-L007,PO-2024-0002,var_000277,65,65,88.24,75.00
PO-2024-0002-L008,PO-2024-0002,var_000278,60,60,88.24,75.00
PO-2024-0002-L009,PO-2024-0002,var_000279,32,32,88.24,75.00
PO-2024-0002-L010,PO-2024-0002,var_000280,49,49,88.24,75.00
PO-2024-0002-L011,PO-2024-0002,var_000281,72,72,88.24,75.00
PO-2024-0002-L012,PO-2024-0002,var_000282,65,65,88.24,75.00
PO-2024-0002-L013,PO-2024-0002,var_000283,61,61,88.24,75.00
PO-2024-0003-L001,PO-2024-0003,var_000260,50,50,86.49,75.25
PO-2024-0003-L002,PO-2024-0003,var_000261,44,44,86.49,75.25
PO-2024-0003-L003,PO-2024-0003,var_000262,82,82,86.49,75.25
PO-2024-0003-L004,PO-2024-0003,var_000263,84,84,86.49,75.25
PO-2024-0003-L005,PO-2024-0003,var_000264,86,86,86.49,75.25
PO-2024-0003-L006,PO-2024-0003,var_000265,49,49,86.49,75.25
PO-2024-0003-L007,PO-2024-0003,var_000266,46,46,86.49,75.25
PO-2024-0003-L008,PO-2024-0003,var_000267,48,48,86.49,75.25
PO-2024-0003-L009,PO-2024-0003,var_000268,51,51,86.49,75.25
PO-2024-0003-L010,PO-2024-0003,var_000269,83,83,86.49,75.25
PO-2024-0003-L011,PO-2024-0003,var_000270,92,92,86.49,75.25
PO-2024-0003-L012,PO-2024-0003,var_000271,87,87,86.49,75.25
PO-2024-0003-L013,PO-2024-0003,var_000272,46,46,86.49,75.25
PO-2024-0003-L014,PO-2024-0003,var_000273,47,47,86.49,75.25
PO-2025-0004-L001,PO-2025-0004,var_000430,26,26,64.08,54.47
PO-2025-0004-L002,PO-2025-0004,var_000431,41,41,64.08,54.47
PO-2025-0004-L003,PO-2025-0004,var_000432,65,65,64.08,54.47
PO-2025-0004-L004,PO-2025-0004,var_000433,51,51,64.08,54.47
PO-2025-0004-L005,PO-2025-0004,var_000434,49,49,64.08,54.47
PO-2025-0004-L006,PO-2025-0004,var_000435,24,24,64.08,54.47
PO-2025-0004-L007,PO-2025-0004,var_000436,45,45,64.08,54.47
PO-2025-0004-L008,PO-2025-0004,var_000437,66,66,64.08,54.47
PO-2025-0004-L009,PO-2025-0004,var_000438,57,57,64.08,54.47
PO-2025-0004-L010,PO-2025-0004,var_000439,55,55,64.08,54.47
PO-2025-0004-L011,PO-2025-0004,var_000440,24,24,64.08,54.47
PO-2025-0004-L012,PO-2025-0004,var_000441,44,44,64.08,54.47
PO-2025-0004-L013,PO-2025-0004,var_000442,64,64,64.08,54.47
PO-2025-0004-L014,PO-2025-0004,var_000443,58,58,64.08,54.47
PO-2025-0004-L015,PO-2025-0004,var_000444,51,51,64.08,54.47
PO-2025-0004-L016,PO-2025-0004,var_000445,21,21,83.58,71.04
PO-2025-0004-L017,PO-2025-0004,var_000446,39,39,83.58,71.04
PO-2025-0004-L018,PO-2025-0004,var_000447,55,55,83.58,71.04
PO-2025-0004-L019,PO-2025-0004,var_000448,46,46,83.58,71.04
PO-2025-0004-L020,PO-2025-0004,var_000449,49,49,83.58,71.04
PO-2025-0004-L021,PO-2025-0004,var_000450,21,21,83.58,71.04
PO-2025-0004-L022,PO-2025-0004,var_000451,36,36,83.58,71.04
PO-2025-0004-L023,PO-2025-0004,var_000452,59,59,83.58,71.04
PO-2025-0004-L024,PO-2025-0004,var_000453,47,47,83.58,71.04
PO-2025-0004-L025,PO-2025-0004,var_000454,50,50,83.58,71.04
PO-2025-0004-L026,PO-2025-0004,var_000455,45,45,21.18,18.00
PO-2025-0004-L027,PO-2025-0004,var_000456,64,64,21.18,18.00
PO-2025-0004-L028,PO-2025-0004,var_000457,108,108,21.18,18.00
PO-2025-0004-L029,PO-2025-0004,var_000458,87,87,21.18,18.00
PO-2025-0004-L030,PO-2025-0004,var_000459,78,78,21.18,18.00
PO-2025-0004-L031,PO-2025-0004,var_000460,40,40,21.18,18.00
PO-2025-0004-L032,PO-2025-0004,var_000461,71,71,21.18,18.00
PO-2025-0004-L033,PO-2025-0004,var_000462,109,109,21.18,18.00
PO-2025-0004-L034,PO-2025-0004,var_000463,79,79,21.18,18.00
PO-2025-0004-L035,PO-2025-0004,var_000464,88,88,21.18,18.00
PO-2025-0004-L036,PO-2025-0004,var_000465,40,40,21.18,18.00
PO-2025-0004-L037,PO-2025-0004,var_000466,63,63,21.18,18.00
PO-2025-0004-L038,PO-2025-0004,var_000467,93,93,21.18,18.00
PO-2025-0004-L039,PO-2025-0004,var_000468,78,78,21.18,18.00
PO-2025-0004-L040,PO-2025-0004,var_000469,84,84,21.18,18.00
PO-2025-0005-L001,PO-2025-0005,var_000470,13,13,135.29,115.00
PO-2025-0005-L002,PO-2025-0005,var_000471,22,22,135.29,115.00
PO-2025-0005-L003,PO-2025-0005,var_000472,31,31,135.29,115.00
PO-2025-0005-L004,PO-2025-0005,var_000473,27,27,135.29,115.00
PO-2025-0005-L005,PO-2025-0005,var_000474,28,28,135.29,115.00
PO-2025-0005-L006,PO-2025-0005,var_000475,13,13,135.29,115.00
PO-2025-0005-L007,PO-2025-0005,var_000476,20,20,135.29,115.00
PO-2025-0005-L008,PO-2025-0005,var_000477,32,32,135.29,115.00
PO-2025-0005-L009,PO-2025-0005,var_000478,26,26,135.29,115.00
PO-2025-0005-L010,PO-2025-0005,var_000479,24,24,135.29,115.00
PO-2025-0005-L011,PO-2025-0005,var_000480,52,52,28.44,24.17
PO-2025-0005-L012,PO-2025-0005,var_000481,51,51,28.44,24.17
PO-2025-0005-L013,PO-2025-0005,var_000482,52,52,28.44,24.17
PO-2024-0006-L001,PO-2024-0006,var_000001,121,121,18.94,16.67
PO-2024-0006-L002,PO-2024-0006,var_000002,191,191,18.94,16.67
PO-2024-0006-L003,PO-2024-0006,var_000003,288,288,18.94,16.67
PO-2024-0006-L004,PO-2024-0006,var_000004,243,243,18.94,16.67
PO-2024-0006-L005,PO-2024-0006,var_000005,210,210,18.94,16.67
PO-2024-0006-L006,PO-2024-0006,var_000006,113,113,18.94,16.67
PO-2024-0006-L007,PO-2024-0006,var_000007,175,175,18.94,16.67
PO-2024-0006-L008,PO-2024-0006,var_000008,253,253,18.94,16.67
PO-2024-0006-L009,PO-2024-0006,var_000009,208,208,18.94,16.67
PO-2024-0006-L010,PO-2024-0006,var_000010,241,241,18.94,16.67
PO-2024-0006-L011,PO-2024-0006,var_000011,115,115,18.94,16.67
PO-2024-0006-L012,PO-2024-0006,var_000012,187,187,18.94,16.67
PO-2024-0006-L013,PO-2024-0006,var_000013,291,291,18.94,16.67
PO-2024-0006-L014,PO-2024-0006,var_000014,210,210,18.94,16.67
PO-2024-0006-L015,PO-2024-0006,var_000015,247,247,18.94,16.67
PO-2024-0006-L016,PO-2024-0006,var_000016,71,71,55.77,49.08
PO-2024-0006-L017,PO-2024-0006,var_000017,111,111,55.77,49.08
PO-2024-0006-L018,PO-2024-0006,var_000018,187,187,55.77,49.08
PO-2024-0006-L019,PO-2024-0006,var_000019,137,137,55.77,49.08
PO-2024-0006-L020,PO-2024-0006,var_000020,154,154,55.77,49.08
PO-2024-0006-L021,PO-2024-0006,var_000021,67,67,55.77,49.08
PO-2024-0006-L022,PO-2024-0006,var_000022,117,117,55.77,49.08
PO-2024-0006-L023,PO-2024-0006,var_000023,176,176,55.77,49.08
PO-2024-0006-L024,PO-2024-0006,var_000024,139,139,55.77,49.08
PO-2024-0006-L025,PO-2024-0006,var_000025,147,147,55.77,49.08
PO-2024-0006-L026,PO-2024-0006,var_000026,78,78,55.77,49.08
PO-2024-0006-L027,PO-2024-0006,var_000027,112,112,55.77,49.08
PO-2024-0006-L028,PO-2024-0006,var_000028,158,158,55.77,49.08
PO-2024-0006-L029,PO-2024-0006,var_000029,142,142,55.77,49.08
PO-2024-0006-L030,PO-2024-0006,var_000030,132,132,55.77,49.08
PO-2024-0006-L031,PO-2024-0006,var_000031,64,64,70.32,61.88
PO-2024-0006-L032,PO-2024-0006,var_000032,104,104,70.32,61.88
PO-2024-0006-L033,PO-2024-0006,var_000033,136,136,70.32,61.88
PO-2024-0006-L034,PO-2024-0006,var_000034,134,134,70.32,61.88
PO-2024-0006-L035,PO-2024-0006,var_000035,130,130,70.32,61.88
PO-2024-0006-L036,PO-2024-0006,var_000036,62,62,70.32,61.88
PO-2024-0006-L037,PO-2024-0006,var_000037,90,90,70.32,61.88
PO-2024-0006-L038,PO-2024-0006,var_000038,141,141,70.32,61.88
PO-2024-0006-L039,PO-2024-0006,var_000039,124,124,70.32,61.88
PO-2024-0006-L040,PO-2024-0006,var_000040,133,133,70.32,61.88
PO-2024-0006-L041,PO-2024-0006,var_000058,101,101,18.18,16.00
PO-2024-0006-L042,PO-2024-0006,var_000059,187,187,18.18,16.00
PO-2024-0006-L043,PO-2024-0006,var_000060,243,243,18.18,16.00
PO-2024-0006-L044,PO-2024-0006,var_000061,226,226,18.18,16.00
PO-2024-0006-L045,PO-2024-0006,var_000062,215,215,18.18,16.00
PO-2024-0006-L046,PO-2024-0006,var_000063,118,118,18.18,16.00
PO-2024-0006-L047,PO-2024-0006,var_000064,167,167,18.18,16.00
PO-2024-0006-L048,PO-2024-0006,var_000065,288,288,18.18,16.00
PO-2024-0006-L049,PO-2024-0006,var_000066,236,236,18.18,16.00
PO-2024-0006-L050,PO-2024-0006,var_000067,246,246,18.18,16.00
PO-2024-0006-L051,PO-2024-0006,var_000068,113,113,18.18,16.00
PO-2024-0006-L052,PO-2024-0006,var_000069,169,169,18.18,16.00
PO-2024-0006-L053,PO-2024-0006,var_000070,283,283,18.18,16.00
PO-2024-0006-L054,PO-2024-0006,var_000071,226,226,18.18,16.00
PO-2024-0006-L055,PO-2024-0006,var_000072,203,203,18.18,16.00
PO-2024-0006-L056,PO-2024-0006,var_000073,67,67,57.58,50.67
PO-2024-0006-L057,PO-2024-0006,var_000074,109,109,57.58,50.67
PO-2024-0006-L058,PO-2024-0006,var_000075,178,178,57.58,50.67
PO-2024-0006-L059,PO-2024-0006,var_000076,155,155,57.58,50.67
PO-2024-0006-L060,PO-2024-0006,var_000077,134,134,57.58,50.67
PO-2024-0006-L061,PO-2024-0006,var_000078,71,71,57.58,50.67
PO-2024-0006-L062,PO-2024-0006,var_000079,118,118,57.58,50.67
PO-2024-0006-L063,PO-2024-0006,var_000080,183,183,57.58,50.67
PO-2024-0006-L064,PO-2024-0006,var_000081,154,154,57.58,50.67
PO-2024-0006-L065,PO-2024-0006,var_000082,143,143,57.58,50.67
PO-2024-0006-L066,PO-2024-0006,var_000083,67,67,57.58,50.67
PO-2024-0006-L067,PO-2024-0006,var_000084,107,107,57.58,50.67
PO-2024-0006-L068,PO-2024-0006,var_000085,176,176,57.58,50.67
PO-2024-0006-L069,PO-2024-0006,var_000086,144,144,57.58,50.67
PO-2024-0006-L070,PO-2024-0006,var_000087,131,131,57.58,50.67
PO-2024-0006-L071,PO-2024-0006,var_000088,68,68,72.92,64.17
PO-2024-0006-L072,PO-2024-0006,var_000089,103,103,72.92,64.17
PO-2024-0006-L073,PO-2024-0006,var_000090,160,160,72.92,64.17
PO-2024-0006-L074,PO-2024-0006,var_000091,122,122,72.92,64.17
PO-2024-0006-L075,PO-2024-0006,var_000092,125,125,72.92,64.17
PO-2024-0006-L076,PO-2024-0006,var_000093,61,61,72.92,64.17
PO-2024-0006-L077,PO-2024-0006,var_000094,93,93,72.92,64.17
PO-2024-0006-L078,PO-2024-0006,var_000095,163,163,72.92,64.17
PO-2024-0006-L079,PO-2024-0006,var_000096,135,135,72.92,64.17
PO-2024-0006-L080,PO-2024-0006,var_000097,127,127,72.92,64.17
PO-2024-0006-L081,PO-2024-0006,var_000098,108,108,19.69,17.33
PO-2024-0006-L082,PO-2024-0006,var_000099,172,172,19.69,17.33
PO-2024-0006-L083,PO-2024-0006,var_000100,250,250,19.69,17.33
PO-2024-0006-L084,PO-2024-0006,var_000101,234,234,19.69,17.33
PO-2024-0006-L085,PO-2024-0006,var_000102,204,204,19.69,17.33
PO-2024-0006-L086,PO-2024-0006,var_000103,114,114,19.69,17.33
PO-2024-0006-L087,PO-2024-0006,var_000104,189,189,19.69,17.33
PO-2024-0006-L088,PO-2024-0006,var_000105,243,243,19.69,17.33
PO-2024-0006-L089,PO-2024-0006,var_000106,230,230,19.69,17.33
PO-2024-0006-L090,PO-2024-0006,var_000107,230,230,19.69,17.33
PO-2024-0006-L091,PO-2024-0006,var_000108,66,66,61.17,53.83
PO-2024-0006-L092,PO-2024-0006,var_000109,120,120,61.17,53.83
PO-2024-0006-L093,PO-2024-0006,var_000110,162,162,61.17,53.83
PO-2024-0006-L094,PO-2024-0006,var_000111,142,142,61.17,53.83
PO-2024-0006-L095,PO-2024-0006,var_000112,137,137,61.17,53.83
PO-2024-0006-L096,PO-2024-0006,var_000113,66,66,61.17,53.83
PO-2024-0006-L097,PO-2024-0006,var_000114,121,121,61.17,53.83
PO-2024-0006-L098,PO-2024-0006,var_000115,177,177,61.17,53.83
PO-2024-0006-L099,PO-2024-0006,var_000116,152,152,61.17,53.83
PO-2024-0006-L100,PO-2024-0006,var_000117,142,142,61.17,53.83
PO-2024-0006-L101,PO-2024-0006,var_000121,106,106,20.83,18.33
PO-2024-0006-L102,PO-2024-0006,var_000122,186,186,20.83,18.33
PO-2024-0006-L103,PO-2024-0006,var_000123,262,262,20.83,18.33
PO-2024-0006-L104,PO-2024-0006,var_000124,233,233,20.83,18.33
PO-2024-0006-L105,PO-2024-0006,var_000125,208,208,20.83,18.33
PO-2024-0006-L106,PO-2024-0006,var_000126,108,108,20.83,18.33
PO-2024-0006-L107,PO-2024-0006,var_000127,192,192,20.83,18.33
PO-2024-0006-L108,PO-2024-0006,var_000128,257,257,20.83,18.33
PO-2024-0006-L109,PO-2024-0006,var_000129,211,211,20.83,18.33
PO-2024-0006-L110,PO-2024-0006,var_000130,219,219,20.83,18.33
PO-2024-0006-L111,PO-2024-0006,var_000131,109,109,20.83,18.33
PO-2024-0006-L112,PO-2024-0006,var_000132,166,166,20.83,18.33
PO-2024-0006-L113,PO-2024-0006,var_000133,267,267,20.83,18.33
PO-2024-0006-L114,PO-2024-0006,var_000134,213,213,20.83,18.33
PO-2024-0006-L115,PO-2024-0006,var_000135,247,247,20.83,18.33
PO-2024-0006-L116,PO-2024-0006,var_000136,62,62,75.52,66.46
PO-2024-0006-L117,PO-2024-0006,var_000137,95,95,75.52,66.46
PO-2024-0006-L118,PO-2024-0006,var_000138,137,137,75.52,66.46
PO-2024-0006-L119,PO-2024-0006,var_000139,133,133,75.52,66.46
PO-2024-0006-L120,PO-2024-0006,var_000140,124,124,75.52,66.46
PO-2024-0006-L121,PO-2024-0006,var_000141,59,59,75.52,66.46
PO-2024-0006-L122,PO-2024-0006,var_000142,94,94,75.52,66.46
PO-2024-0006-L123,PO-2024-0006,var_000143,157,157,75.52,66.46
PO-2024-0006-L124,PO-2024-0006,var_000144,127,127,75.52,66.46
PO-2024-0006-L125,PO-2024-0006,var_000145,124,124,75.52,66.46
PO-2024-0006-L126,PO-2024-0006,var_000149,66,66,53.98,47.50
PO-2024-0006-L127,PO-2024-0006,var_000150,105,105,53.98,47.50
PO-2024-0006-L128,PO-2024-0006,var_000151,167,167,53.98,47.50
PO-2024-0006-L129,PO-2024-0006,var_000152,132,132,53.98,47.50
PO-2024-0006-L130,PO-2024-0006,var_000153,129,129,53.98,47.50
PO-2024-0006-L131,PO-2024-0006,var_000154,76,76,53.98,47.50
PO-2024-0006-L132,PO-2024-0006,var_000155,107,107,53.98,47.50
PO-2024-0006-L133,PO-2024-0006,var_000156,181,181,53.98,47.50
PO-2024-0006-L134,PO-2024-0006,var_000157,138,138,53.98,47.50
PO-2024-0006-L135,PO-2024-0006,var_000158,143,143,53.98,47.50
PO-2024-0007-L001,PO-2024-0007,var_000041,153,153,25.00,21.75
PO-2024-0007-L002,PO-2024-0007,var_000042,148,148,25.00,21.75
PO-2024-0007-L003,PO-2024-0007,var_000043,143,143,25.00,21.75
PO-2024-0007-L004,PO-2024-0007,var_000118,136,136,23.33,20.30
PO-2024-0007-L005,PO-2024-0007,var_000119,157,157,23.33,20.30
PO-2024-0007-L006,PO-2024-0007,var_000120,159,159,23.33,20.30
PO-2024-0007-L007,PO-2024-0007,var_000146,143,143,26.67,23.20
PO-2024-0007-L008,PO-2024-0007,var_000147,143,143,26.67,23.20
PO-2024-0007-L009,PO-2024-0007,var_000148,159,159,26.67,23.20
PO-2024-0008-L001,PO-2024-0008,var_000044,49,49,83.19,69.88
PO-2024-0008-L002,PO-2024-0008,var_000045,57,57,83.19,69.88
PO-2024-0008-L003,PO-2024-0008,var_000046,98,98,83.19,69.88
PO-2024-0008-L004,PO-2024-0008,var_000047,98,98,83.19,69.88
PO-2024-0008-L005,PO-2024-0008,var_000048,97,97,83.19,69.88
PO-2024-0008-L006,PO-2024-0008,var_000049,51,51,83.19,69.88
PO-2024-0008-L007,PO-2024-0008,var_000050,55,55,83.19,69.88
PO-2024-0008-L008,PO-2024-0008,var_000051,49,49,83.19,69.88
PO-2024-0008-L009,PO-2024-0008,var_000052,58,58,83.19,69.88
PO-2024-0008-L010,PO-2024-0008,var_000053,110,110,83.19,69.88
PO-2024-0008-L011,PO-2024-0008,var_000054,107,107,83.19,69.88
PO-2024-0008-L012,PO-2024-0008,var_000055,95,95,83.19,69.88
PO-2024-0008-L013,PO-2024-0008,var_000056,56,56,83.19,69.88
PO-2024-0008-L014,PO-2024-0008,var_000057,57,57,83.19,69.88
PO-2025-0009-L001,PO-2025-0009,var_000324,73,73,21.56,18.33
PO-2025-0009-L002,PO-2025-0009,var_000325,106,106,21.56,18.33
PO-2025-0009-L003,PO-2025-0009,var_000326,177,177,21.56,18.33
PO-2025-0009-L004,PO-2025-0009,var_000327,134,134,21.56,18.33
PO-2025-0009-L005,PO-2025-0009,var_000328,132,132,21.56,18.33
PO-2025-0009-L006,PO-2025-0009,var_000329,69,69,21.56,18.33
PO-2025-0009-L007,PO-2025-0009,var_000330,110,110,21.56,18.33
PO-2025-0009-L008,PO-2025-0009,var_000331,175,175,21.56,18.33
PO-2025-0009-L009,PO-2025-0009,var_000332,144,144,21.56,18.33
PO-2025-0009-L010,PO-2025-0009,var_000333,152,152,21.56,18.33
PO-2025-0009-L011,PO-2025-0009,var_000334,69,69,21.56,18.33
PO-2025-0009-L012,PO-2025-0009,var_000335,105,105,21.56,18.33
PO-2025-0009-L013,PO-2025-0009,var_000336,179,179,21.56,18.33
PO-2025-0009-L014,PO-2025-0009,var_000337,138,138,21.56,18.33
PO-2025-0009-L015,PO-2025-0009,var_000338,142,142,21.56,18.33
PO-2025-0009-L016,PO-2025-0009,var_000339,42,42,61.47,52.25
PO-2025-0009-L017,PO-2025-0009,var_000340,67,67,61.47,52.25
PO-2025-0009-L018,PO-2025-0009,var_000341,108,108,61.47,52.25
PO-2025-0009-L019,PO-2025-0009,var_000342,98,98,61.47,52.25
PO-2025-0009-L020,PO-2025-0009,var_000343,84,84,61.47,52.25
PO-2025-0009-L021,PO-2025-0009,var_000344,45,45,61.47,52.25
PO-2025-0009-L022,PO-2025-0009,var_000345,67,67,61.47,52.25
PO-2025-0009-L023,PO-2025-0009,var_000346,106,106,61.47,52.25
PO-2025-0009-L024,PO-2025-0009,var_000347,98,98,61.47,52.25
PO-2025-0009-L025,PO-2025-0009,var_000348,98,98,61.47,52.25
PO-2025-0009-L026,PO-2025-0009,var_000349,43,43,61.47,52.25
PO-2025-0009-L027,PO-2025-0009,var_000350,78,78,61.47,52.25
PO-2025-0009-L028,PO-2025-0009,var_000351,111,111,61.47,52.25
PO-2025-0009-L029,PO-2025-0009,var_000352,92,92,61.47,52.25
PO-2025-0009-L030,PO-2025-0009,var_000353,100,100,61.47,52.25
PO-2025-0009-L031,PO-2025-0009,var_000354,41,41,72.80,61.88
PO-2025-0009-L032,PO-2025-0009,var_000355,62,62,72.80,61.88
PO-2025-0009-L033,PO-2025-0009,var_000356,95,95,72.80,61.88
PO-2025-0009-L034,PO-2025-0009,var_000357,87,87,72.80,61.88
PO-2025-0009-L035,PO-2025-0009,var_000358,79,79,72.80,61.88
PO-2025-0009-L036,PO-2025-0009,var_000359,37,37,72.80,61.88
PO-2025-0009-L037,PO-2025-0009,var_000360,63,63,72.80,61.88
PO-2025-0009-L038,PO-2025-0009,var_000361,90,90,72.80,61.88
PO-2025-0009-L039,PO-2025-0009,var_000362,80,80,72.80,61.88
PO-2025-0009-L040,PO-2025-0009,var_000363,85,85,72.80,61.88
PO-2025-0010-L001,PO-2025-0010,var_000364,90,90,26.46,22.23
PO-2025-0010-L002,PO-2025-0010,var_000365,100,100,26.46,22.23
PO-2025-0010-L003,PO-2025-0010,var_000366,89,89,26.46,22.23
PO-2025-0011-L001,PO-2025-0011,var_000367,34,34,77.99,66.29
PO-2025-0011-L002,PO-2025-0011,var_000368,33,33,77.99,66.29
PO-2025-0011-L003,PO-2025-0011,var_000369,57,57,77.99,66.29
PO-2025-0011-L004,PO-2025-0011,var_000370,58,58,77.99,66.29
PO-2025-0011-L005,PO-2025-0011,var_000371,66,66,77.99,66.29
PO-2025-0011-L006,PO-2025-0011,var_000372,33,33,77.99,66.29
PO-2025-0011-L007,PO-2025-0011,var_000373,32,32,77.99,66.29
PO-2025-0011-L008,PO-2025-0011,var_000374,32,32,77.99,66.29
PO-2025-0011-L009,PO-2025-0011,var_000375,35,35,77.99,66.29
PO-2025-0011-L010,PO-2025-0011,var_000376,65,65,77.99,66.29
PO-2025-0011-L011,PO-2025-0011,var_000377,65,65,77.99,66.29
PO-2025-0011-L012,PO-2025-0011,var_000378,64,64,77.99,66.29
PO-2025-0011-L013,PO-2025-0011,var_000379,33,33,77.99,66.29
PO-2025-0011-L014,PO-2025-0011,var_000380,33,33,77.99,66.29
PO-2026-0012-L001,PO-2026-0012,var_000596,14,14,19.61,16.67
PO-2026-0012-L002,PO-2026-0012,var_000597,25,25,19.61,16.67
PO-2026-0012-L003,PO-2026-0012,var_000598,32,32,19.61,16.67
PO-2026-0012-L004,PO-2026-0012,var_000599,31,31,19.61,16.67
PO-2026-0012-L005,PO-2026-0012,var_000600,28,28,19.61,16.67
PO-2026-0012-L006,PO-2026-0012,var_000601,14,14,19.61,16.67
PO-2026-0012-L007,PO-2026-0012,var_000602,26,26,19.61,16.67
PO-2026-0012-L008,PO-2026-0012,var_000603,39,39,19.61,16.67
PO-2026-0012-L009,PO-2026-0012,var_000604,28,28,19.61,16.67
PO-2026-0012-L010,PO-2026-0012,var_000605,27,27,19.61,16.67
PO-2026-0012-L011,PO-2026-0012,var_000606,10,10,58.86,50.03
PO-2026-0012-L012,PO-2026-0012,var_000607,15,15,58.86,50.03
PO-2026-0012-L013,PO-2026-0012,var_000608,23,23,58.86,50.03
PO-2026-0012-L014,PO-2026-0012,var_000609,20,20,58.86,50.03
PO-2026-0012-L015,PO-2026-0012,var_000610,18,18,58.86,50.03
PO-2026-0012-L016,PO-2026-0012,var_000611,10,10,58.86,50.03
PO-2026-0012-L017,PO-2026-0012,var_000612,14,14,58.86,50.03
PO-2026-0012-L018,PO-2026-0012,var_000613,20,20,58.86,50.03
PO-2026-0012-L019,PO-2026-0012,var_000614,19,19,58.86,50.03
PO-2026-0012-L020,PO-2026-0012,var_000615,20,20,58.86,50.03
PO-2026-0012-L021,PO-2026-0012,var_000616,14,14,18.82,16.00
PO-2026-0012-L022,PO-2026-0012,var_000617,23,23,18.82,16.00
PO-2026-0012-L023,PO-2026-0012,var_000618,35,35,18.82,16.00
PO-2026-0012-L024,PO-2026-0012,var_000619,27,27,18.82,16.00
PO-2026-0012-L025,PO-2026-0012,var_000620,15,15,18.82,16.00
PO-2026-0012-L026,PO-2026-0012,var_000621,25,25,18.82,16.00
PO-2026-0012-L027,PO-2026-0012,var_000622,35,35,18.82,16.00
PO-2026-0012-L028,PO-2026-0012,var_000623,31,31,18.82,16.00
PO-2026-0012-L029,PO-2026-0012,var_000624,14,14,18.82,16.00
PO-2026-0012-L030,PO-2026-0012,var_000625,25,25,18.82,16.00
PO-2026-0012-L031,PO-2026-0012,var_000626,38,38,18.82,16.00
PO-2026-0012-L032,PO-2026-0012,var_000627,31,31,18.82,16.00
PO-2026-0012-L033,PO-2026-0012,var_000628,10,10,69.02,58.67
PO-2026-0012-L034,PO-2026-0012,var_000629,12,12,69.02,58.67
PO-2026-0012-L035,PO-2026-0012,var_000630,17,17,69.02,58.67
PO-2026-0012-L036,PO-2026-0012,var_000631,15,15,69.02,58.67
PO-2026-0012-L037,PO-2026-0012,var_000632,10,10,69.02,58.67
PO-2026-0012-L038,PO-2026-0012,var_000633,11,11,69.02,58.67
PO-2026-0012-L039,PO-2026-0012,var_000634,18,18,69.02,58.67
PO-2026-0012-L040,PO-2026-0012,var_000635,17,17,69.02,58.67
PO-2026-0013-L001,PO-2026-0013,var_000636,10,10,93.25,78.33
PO-2026-0013-L002,PO-2026-0013,var_000637,10,10,93.25,78.33
PO-2026-0013-L003,PO-2026-0013,var_000638,10,10,93.25,78.33
PO-2026-0013-L004,PO-2026-0013,var_000639,10,10,93.25,78.33
PO-2026-0013-L005,PO-2026-0013,var_000640,10,10,93.25,78.33
PO-2026-0013-L006,PO-2026-0013,var_000641,10,10,93.25,78.33
PO-2026-0013-L007,PO-2026-0013,var_000642,10,10,93.25,78.33
PO-2026-0013-L008,PO-2026-0013,var_000643,10,10,93.25,78.33
PO-2026-0013-L009,PO-2026-0013,var_000644,10,10,93.25,78.33
PO-2026-0013-L010,PO-2026-0013,var_000645,10,10,93.25,78.33
PO-2024-0014-L001,PO-2024-0014,var_000159,110,110,20.15,17.33
PO-2024-0014-L002,PO-2024-0014,var_000160,181,181,20.15,17.33
PO-2024-0014-L003,PO-2024-0014,var_000161,293,293,20.15,17.33
PO-2024-0014-L004,PO-2024-0014,var_000162,229,229,20.15,17.33
PO-2024-0014-L005,PO-2024-0014,var_000163,203,203,20.15,17.33
PO-2024-0014-L006,PO-2024-0014,var_000164,113,113,20.15,17.33
PO-2024-0014-L007,PO-2024-0014,var_000165,163,163,20.15,17.33
PO-2024-0014-L008,PO-2024-0014,var_000166,255,255,20.15,17.33
PO-2024-0014-L009,PO-2024-0014,var_000167,244,244,20.15,17.33
PO-2024-0014-L010,PO-2024-0014,var_000168,202,202,20.15,17.33
PO-2024-0014-L011,PO-2024-0014,var_000169,122,122,20.15,17.33
PO-2024-0014-L012,PO-2024-0014,var_000170,166,166,20.15,17.33
PO-2024-0014-L013,PO-2024-0014,var_000171,257,257,20.15,17.33
PO-2024-0014-L014,PO-2024-0014,var_000172,219,219,20.15,17.33
PO-2024-0014-L015,PO-2024-0014,var_000173,239,239,20.15,17.33
PO-2024-0014-L016,PO-2024-0014,var_000177,121,121,18.60,16.00
PO-2024-0014-L017,PO-2024-0014,var_000178,189,189,18.60,16.00
PO-2024-0014-L018,PO-2024-0014,var_000179,257,257,18.60,16.00
PO-2024-0014-L019,PO-2024-0014,var_000180,241,241,18.60,16.00
PO-2024-0014-L020,PO-2024-0014,var_000181,222,222,18.60,16.00
PO-2024-0014-L021,PO-2024-0014,var_000182,102,102,18.60,16.00
PO-2024-0014-L022,PO-2024-0014,var_000183,179,179,18.60,16.00
PO-2024-0014-L023,PO-2024-0014,var_000184,245,245,18.60,16.00
PO-2024-0014-L024,PO-2024-0014,var_000185,221,221,18.60,16.00
PO-2024-0014-L025,PO-2024-0014,var_000186,227,227,18.60,16.00
PO-2024-0014-L026,PO-2024-0014,var_000187,104,104,22.48,19.33
PO-2024-0014-L027,PO-2024-0014,var_000188,163,163,22.48,19.33
PO-2024-0014-L028,PO-2024-0014,var_000189,291,291,22.48,19.33
PO-2024-0014-L029,PO-2024-0014,var_000190,232,232,22.48,19.33
PO-2024-0014-L030,PO-2024-0014,var_000191,221,221,22.48,19.33
PO-2024-0014-L031,PO-2024-0014,var_000192,117,117,22.48,19.33
PO-2024-0014-L032,PO-2024-0014,var_000193,174,174,22.48,19.33
PO-2024-0014-L033,PO-2024-0014,var_000194,284,284,22.48,19.33
PO-2024-0014-L034,PO-2024-0014,var_000195,229,229,22.48,19.33
PO-2024-0014-L035,PO-2024-0014,var_000196,215,215,22.48,19.33
PO-2024-0014-L036,PO-2024-0014,var_000197,75,75,53.40,45.92
PO-2024-0014-L037,PO-2024-0014,var_000198,112,112,53.40,45.92
PO-2024-0014-L038,PO-2024-0014,var_000199,176,176,53.40,45.92
PO-2024-0014-L039,PO-2024-0014,var_000200,146,146,53.40,45.92
PO-2024-0014-L040,PO-2024-0014,var_000201,144,144,53.40,45.92
PO-2024-0014-L041,PO-2024-0014,var_000202,76,76,53.40,45.92
PO-2024-0014-L042,PO-2024-0014,var_000203,106,106,53.40,45.92
PO-2024-0014-L043,PO-2024-0014,var_000204,156,156,53.40,45.92
PO-2024-0014-L044,PO-2024-0014,var_000205,131,131,53.40,45.92
PO-2024-0014-L045,PO-2024-0014,var_000206,142,142,53.40,45.92
PO-2024-0014-L046,PO-2024-0014,var_000207,58,58,69.28,59.58
PO-2024-0014-L047,PO-2024-0014,var_000208,104,104,69.28,59.58
PO-2024-0014-L048,PO-2024-0014,var_000209,146,146,69.28,59.58
PO-2024-0014-L049,PO-2024-0014,var_000210,124,124,69.28,59.58
PO-2024-0014-L050,PO-2024-0014,var_000211,116,116,69.28,59.58
PO-2024-0014-L051,PO-2024-0014,var_000212,62,62,69.28,59.58
PO-2024-0014-L052,PO-2024-0014,var_000213,107,107,69.28,59.58
PO-2024-0014-L053,PO-2024-0014,var_000214,154,154,69.28,59.58
PO-2024-0014-L054,PO-2024-0014,var_000215,114,114,69.28,59.58
PO-2024-0014-L055,PO-2024-0014,var_000216,128,128,69.28,59.58
PO-2024-0015-L001,PO-2024-0015,var_000174,152,152,24.45,21.27
PO-2024-0015-L002,PO-2024-0015,var_000175,145,145,24.45,21.27
PO-2024-0015-L003,PO-2024-0015,var_000176,156,156,24.45,21.27
PO-2025-0016-L001,PO-2025-0016,var_000381,55,55,19.69,17.33
PO-2025-0016-L002,PO-2025-0016,var_000382,82,82,19.69,17.33
PO-2025-0016-L003,PO-2025-0016,var_000383,143,143,19.69,17.33
PO-2025-0016-L004,PO-2025-0016,var_000384,116,116,19.69,17.33
PO-2025-0016-L005,PO-2025-0016,var_000385,116,116,19.69,17.33
PO-2025-0016-L006,PO-2025-0016,var_000386,53,53,19.69,17.33
PO-2025-0016-L007,PO-2025-0016,var_000387,90,90,19.69,17.33
PO-2025-0016-L008,PO-2025-0016,var_000388,138,138,19.69,17.33
PO-2025-0016-L009,PO-2025-0016,var_000389,122,122,19.69,17.33
PO-2025-0016-L010,PO-2025-0016,var_000390,108,108,19.69,17.33
PO-2025-0016-L011,PO-2025-0016,var_000391,33,33,53.26,46.87
PO-2025-0016-L012,PO-2025-0016,var_000392,52,52,53.26,46.87
PO-2025-0016-L013,PO-2025-0016,var_000393,78,78,53.26,46.87
PO-2025-0016-L014,PO-2025-0016,var_000394,67,67,53.26,46.87
PO-2025-0016-L015,PO-2025-0016,var_000395,70,70,53.26,46.87
PO-2025-0016-L016,PO-2025-0016,var_000396,34,34,53.26,46.87
PO-2025-0016-L017,PO-2025-0016,var_000397,60,60,53.26,46.87
PO-2025-0016-L018,PO-2025-0016,var_000398,80,80,53.26,46.87
PO-2025-0016-L019,PO-2025-0016,var_000399,69,69,53.26,46.87
PO-2025-0016-L020,PO-2025-0016,var_000400,77,77,53.26,46.87
PO-2025-0016-L021,PO-2025-0016,var_000415,59,59,21.22,18.67
PO-2025-0016-L022,PO-2025-0016,var_000416,87,87,21.22,18.67
PO-2025-0016-L023,PO-2025-0016,var_000417,140,140,21.22,18.67
PO-2025-0016-L024,PO-2025-0016,var_000418,106,106,21.22,18.67
PO-2025-0016-L025,PO-2025-0016,var_000419,123,123,21.22,18.67
PO-2025-0016-L026,PO-2025-0016,var_000420,61,61,21.22,18.67
PO-2025-0016-L027,PO-2025-0016,var_000421,89,89,21.22,18.67
PO-2025-0016-L028,PO-2025-0016,var_000422,121,121,21.22,18.67
PO-2025-0016-L029,PO-2025-0016,var_000423,122,122,21.22,18.67
PO-2025-0016-L030,PO-2025-0016,var_000424,101,101,21.22,18.67
PO-2025-0016-L031,PO-2025-0016,var_000425,51,51,21.22,18.67
PO-2025-0016-L032,PO-2025-0016,var_000426,96,96,21.22,18.67
PO-2025-0016-L033,PO-2025-0016,var_000427,146,146,21.22,18.67
PO-2025-0016-L034,PO-2025-0016,var_000428,121,121,21.22,18.67
PO-2025-0016-L035,PO-2025-0016,var_000429,107,107,21.22,18.67
PO-2025-0017-L001,PO-2025-0017,var_000401,28,28,89.58,78.83
PO-2025-0017-L002,PO-2025-0017,var_000402,25,25,89.58,78.83
PO-2025-0017-L003,PO-2025-0017,var_000403,46,46,89.58,78.83
PO-2025-0017-L004,PO-2025-0017,var_000404,46,46,89.58,78.83
PO-2025-0017-L005,PO-2025-0017,var_000405,45,45,89.58,78.83
PO-2025-0017-L006,PO-2025-0017,var_000406,28,28,89.58,78.83
PO-2025-0017-L007,PO-2025-0017,var_000407,28,28,89.58,78.83
PO-2025-0017-L008,PO-2025-0017,var_000408,29,29,89.58,78.83
PO-2025-0017-L009,PO-2025-0017,var_000409,29,29,89.58,78.83
PO-2025-0017-L010,PO-2025-0017,var_000410,51,51,89.58,78.83
PO-2025-0017-L011,PO-2025-0017,var_000411,45,45,89.58,78.83
PO-2025-0017-L012,PO-2025-0017,var_000412,47,47,89.58,78.83
PO-2025-0017-L013,PO-2025-0017,var_000413,25,25,89.58,78.83
PO-2025-0017-L014,PO-2025-0017,var_000414,27,27,89.58,78.83
PO-2024-0018-L001,PO-2024-0018,var_000294,60,60,64.44,55.42
PO-2024-0018-L002,PO-2024-0018,var_000295,87,87,64.44,55.42
PO-2024-0018-L003,PO-2024-0018,var_000296,122,122,64.44,55.42
PO-2024-0018-L004,PO-2024-0018,var_000297,101,101,64.44,55.42
PO-2024-0018-L005,PO-2024-0018,var_000298,118,118,64.44,55.42
PO-2024-0018-L006,PO-2024-0018,var_000299,57,57,64.44,55.42
PO-2024-0018-L007,PO-2024-0018,var_000300,83,83,64.44,55.42
PO-2024-0018-L008,PO-2024-0018,var_000301,144,144,64.44,55.42
PO-2024-0018-L009,PO-2024-0018,var_000302,113,113,64.44,55.42
PO-2024-0018-L010,PO-2024-0018,var_000303,114,114,64.44,55.42
PO-2024-0018-L011,PO-2024-0018,var_000304,53,53,82.60,71.04
PO-2024-0018-L012,PO-2024-0018,var_000305,70,70,82.60,71.04
PO-2024-0018-L013,PO-2024-0018,var_000306,125,125,82.60,71.04
PO-2024-0018-L014,PO-2024-0018,var_000307,107,107,82.60,71.04
PO-2024-0018-L015,PO-2024-0018,var_000308,93,93,82.60,71.04
PO-2024-0018-L016,PO-2024-0018,var_000309,49,49,82.60,71.04
PO-2024-0018-L017,PO-2024-0018,var_000310,76,76,82.60,71.04
PO-2024-0018-L018,PO-2024-0018,var_000311,106,106,82.60,71.04
PO-2024-0018-L019,PO-2024-0018,var_000312,98,98,82.60,71.04
PO-2024-0018-L020,PO-2024-0018,var_000313,105,105,82.60,71.04
PO-2024-0018-L021,PO-2024-0018,var_000314,81,81,19.38,16.67
PO-2024-0018-L022,PO-2024-0018,var_000315,131,131,19.38,16.67
PO-2024-0018-L023,PO-2024-0018,var_000316,211,211,19.38,16.67
PO-2024-0018-L024,PO-2024-0018,var_000317,159,159,19.38,16.67
PO-2024-0018-L025,PO-2024-0018,var_000318,166,166,19.38,16.67
PO-2024-0018-L026,PO-2024-0018,var_000319,86,86,19.38,16.67
PO-2024-0018-L027,PO-2024-0018,var_000320,147,147,19.38,16.67
PO-2024-0018-L028,PO-2024-0018,var_000321,200,200,19.38,16.67
PO-2024-0018-L029,PO-2024-0018,var_000322,163,163,19.38,16.67
PO-2024-0018-L030,PO-2024-0018,var_000323,160,160,19.38,16.67
PO-2024-0019-L001,PO-2024-0019,var_000284,29,29,113.02,98.33
PO-2024-0019-L002,PO-2024-0019,var_000285,41,41,113.02,98.33
PO-2024-0019-L003,PO-2024-0019,var_000286,65,65,113.02,98.33
PO-2024-0019-L004,PO-2024-0019,var_000287,55,55,113.02,98.33
PO-2024-0019-L005,PO-2024-0019,var_000288,59,59,113.02,98.33
PO-2024-0019-L006,PO-2024-0019,var_000289,27,27,113.02,98.33
PO-2024-0019-L007,PO-2024-0019,var_000290,41,41,113.02,98.33
PO-2024-0019-L008,PO-2024-0019,var_000291,72,72,113.02,98.33
PO-2024-0019-L009,PO-2024-0019,var_000292,56,56,113.02,98.33
PO-2024-0019-L010,PO-2024-0019,var_000293,55,55,113.02,98.33
PO-2025-0020-L001,PO-2025-0020,var_000483,27,27,18.39,16.00
PO-2025-0020-L002,PO-2025-0020,var_000484,45,45,18.39,16.00
PO-2025-0020-L003,PO-2025-0020,var_000485,62,62,18.39,16.00
PO-2025-0020-L004,PO-2025-0020,var_000486,53,53,18.39,16.00
PO-2025-0020-L005,PO-2025-0020,var_000487,27,27,18.39,16.00
PO-2025-0020-L006,PO-2025-0020,var_000488,45,45,18.39,16.00
PO-2025-0020-L007,PO-2025-0020,var_000489,69,69,18.39,16.00
PO-2025-0020-L008,PO-2025-0020,var_000490,51,51,18.39,16.00
PO-2025-0020-L009,PO-2025-0020,var_000491,25,25,18.39,16.00
PO-2025-0020-L010,PO-2025-0020,var_000492,47,47,18.39,16.00
PO-2025-0020-L011,PO-2025-0020,var_000493,71,71,18.39,16.00
PO-2025-0020-L012,PO-2025-0020,var_000494,51,51,18.39,16.00
PO-2025-0020-L013,PO-2025-0020,var_000495,17,17,54.60,47.50
PO-2025-0020-L014,PO-2025-0020,var_000496,26,26,54.60,47.50
PO-2025-0020-L015,PO-2025-0020,var_000497,43,43,54.60,47.50
PO-2025-0020-L016,PO-2025-0020,var_000498,34,34,54.60,47.50
PO-2025-0020-L017,PO-2025-0020,var_000499,18,18,54.60,47.50
PO-2025-0020-L018,PO-2025-0020,var_000500,25,25,54.60,47.50
PO-2025-0020-L019,PO-2025-0020,var_000501,45,45,54.60,47.50
PO-2025-0020-L020,PO-2025-0020,var_000502,37,37,54.60,47.50
PO-2025-0020-L021,PO-2025-0020,var_000503,17,17,54.60,47.50
PO-2025-0020-L022,PO-2025-0020,var_000504,28,28,54.60,47.50
PO-2025-0020-L023,PO-2025-0020,var_000505,45,45,54.60,47.50
PO-2025-0020-L024,PO-2025-0020,var_000506,34,34,54.60,47.50
PO-2025-0020-L025,PO-2025-0020,var_000507,14,14,68.48,59.58
PO-2025-0020-L026,PO-2025-0020,var_000508,24,24,68.48,59.58
PO-2025-0020-L027,PO-2025-0020,var_000509,40,40,68.48,59.58
PO-2025-0020-L028,PO-2025-0020,var_000510,27,27,68.48,59.58
PO-2025-0020-L029,PO-2025-0020,var_000511,14,14,68.48,59.58
PO-2025-0020-L030,PO-2025-0020,var_000512,25,25,68.48,59.58
PO-2025-0020-L031,PO-2025-0020,var_000513,27,27,68.48,59.58
PO-2025-0020-L032,PO-2025-0020,var_000514,19,19,68.48,59.58
PO-2025-0020-L033,PO-2025-0020,var_000515,14,14,68.48,59.58
PO-2025-0020-L034,PO-2025-0020,var_000516,21,21,68.48,59.58
PO-2025-0020-L035,PO-2025-0020,var_000517,33,33,68.48,59.58
PO-2025-0020-L036,PO-2025-0020,var_000518,28,28,68.48,59.58
PO-2025-0020-L037,PO-2025-0020,var_000522,16,16,52.78,45.92
PO-2025-0020-L038,PO-2025-0020,var_000523,25,25,52.78,45.92
PO-2025-0020-L039,PO-2025-0020,var_000524,40,40,52.78,45.92
PO-2025-0020-L040,PO-2025-0020,var_000525,35,35,52.78,45.92
PO-2025-0020-L041,PO-2025-0020,var_000526,18,18,52.78,45.92
PO-2025-0020-L042,PO-2025-0020,var_000527,30,30,52.78,45.92
PO-2025-0020-L043,PO-2025-0020,var_000528,42,42,52.78,45.92
PO-2025-0020-L044,PO-2025-0020,var_000529,37,37,52.78,45.92
PO-2025-0020-L045,PO-2025-0020,var_000530,29,29,17.62,15.33
PO-2025-0020-L046,PO-2025-0020,var_000531,42,42,17.62,15.33
PO-2025-0020-L047,PO-2025-0020,var_000532,69,69,17.62,15.33
PO-2025-0020-L048,PO-2025-0020,var_000533,58,58,17.62,15.33
PO-2025-0020-L049,PO-2025-0020,var_000534,25,25,17.62,15.33
PO-2025-0020-L050,PO-2025-0020,var_000535,46,46,17.62,15.33
PO-2025-0020-L051,PO-2025-0020,var_000536,65,65,17.62,15.33
PO-2025-0020-L052,PO-2025-0020,var_000537,52,52,17.62,15.33
PO-2025-0020-L053,PO-2025-0020,var_000538,26,26,17.62,15.33
PO-2025-0020-L054,PO-2025-0020,var_000539,47,47,17.62,15.33
PO-2025-0020-L055,PO-2025-0020,var_000540,64,64,17.62,15.33
PO-2025-0020-L056,PO-2025-0020,var_000541,59,59,17.62,15.33
PO-2025-0020-L057,PO-2025-0020,var_000542,29,29,19.16,16.67
PO-2025-0020-L058,PO-2025-0020,var_000543,47,47,19.16,16.67
PO-2025-0020-L059,PO-2025-0020,var_000544,68,68,19.16,16.67
PO-2025-0020-L060,PO-2025-0020,var_000545,52,52,19.16,16.67
PO-2025-0020-L061,PO-2025-0020,var_000546,25,25,19.16,16.67
PO-2025-0020-L062,PO-2025-0020,var_000547,40,40,19.16,16.67
PO-2025-0020-L063,PO-2025-0020,var_000548,69,69,19.16,16.67
PO-2025-0020-L064,PO-2025-0020,var_000549,59,59,19.16,16.67
PO-2025-0020-L065,PO-2025-0020,var_000550,15,15,65.85,57.29
PO-2025-0020-L066,PO-2025-0020,var_000551,22,22,65.85,57.29
PO-2025-0020-L067,PO-2025-0020,var_000552,36,36,65.85,57.29
PO-2025-0020-L068,PO-2025-0020,var_000553,28,28,65.85,57.29
PO-2025-0020-L069,PO-2025-0020,var_000554,14,14,65.85,57.29
PO-2025-0020-L070,PO-2025-0020,var_000555,23,23,65.85,57.29
PO-2025-0020-L071,PO-2025-0020,var_000556,35,35,65.85,57.29
PO-2025-0020-L072,PO-2025-0020,var_000557,33,33,65.85,57.29
PO-2025-0020-L073,PO-2025-0020,var_000568,16,16,83.24,72.42
PO-2025-0020-L074,PO-2025-0020,var_000569,23,23,83.24,72.42
PO-2025-0020-L075,PO-2025-0020,var_000570,35,35,83.24,72.42
PO-2025-0020-L076,PO-2025-0020,var_000571,33,33,83.24,72.42
PO-2025-0020-L077,PO-2025-0020,var_000572,28,28,83.24,72.42
PO-2025-0020-L078,PO-2025-0020,var_000573,15,15,83.24,72.42
PO-2025-0020-L079,PO-2025-0020,var_000574,22,22,83.24,72.42
PO-2025-0020-L080,PO-2025-0020,var_000575,34,34,83.24,72.42
PO-2025-0020-L081,PO-2025-0020,var_000576,33,33,83.24,72.42
PO-2025-0020-L082,PO-2025-0020,var_000577,29,29,83.24,72.42
PO-2025-0020-L083,PO-2025-0020,var_000578,27,27,19.92,17.33
PO-2025-0020-L084,PO-2025-0020,var_000579,42,42,19.92,17.33
PO-2025-0020-L085,PO-2025-0020,var_000580,62,62,19.92,17.33
PO-2025-0020-L086,PO-2025-0020,var_000581,55,55,19.92,17.33
PO-2025-0020-L087,PO-2025-0020,var_000582,57,57,19.92,17.33
PO-2025-0020-L088,PO-2025-0020,var_000583,29,29,19.92,17.33
PO-2025-0020-L089,PO-2025-0020,var_000584,39,39,19.92,17.33
PO-2025-0020-L090,PO-2025-0020,var_000585,64,64,19.92,17.33
PO-2025-0020-L091,PO-2025-0020,var_000586,58,58,19.92,17.33
PO-2025-0020-L092,PO-2025-0020,var_000587,53,53,19.92,17.33
PO-2025-0020-L093,PO-2025-0020,var_000588,29,29,19.92,17.33
PO-2025-0020-L094,PO-2025-0020,var_000589,42,42,19.92,17.33
PO-2025-0020-L095,PO-2025-0020,var_000590,70,70,19.92,17.33
PO-2025-0020-L096,PO-2025-0020,var_000591,52,52,19.92,17.33
PO-2025-0020-L097,PO-2025-0020,var_000592,61,61,19.92,17.33
PO-2025-0021-L001,PO-2025-0021,var_000519,39,39,23.60,20.30
PO-2025-0021-L002,PO-2025-0021,var_000520,34,34,23.60,20.30
PO-2025-0021-L003,PO-2025-0021,var_000521,38,38,23.60,20.30
PO-2025-0021-L004,PO-2025-0021,var_000558,10,10,102.71,88.33
PO-2025-0021-L005,PO-2025-0021,var_000559,13,13,102.71,88.33
PO-2025-0021-L006,PO-2025-0021,var_000560,21,21,102.71,88.33
PO-2025-0021-L007,PO-2025-0021,var_000561,18,18,102.71,88.33
PO-2025-0021-L008,PO-2025-0021,var_000562,19,19,102.71,88.33
PO-2025-0021-L009,PO-2025-0021,var_000563,10,10,102.71,88.33
PO-2025-0021-L010,PO-2025-0021,var_000564,12,12,102.71,88.33
PO-2025-0021-L011,PO-2025-0021,var_000565,19,19,102.71,88.33
PO-2025-0021-L012,PO-2025-0021,var_000566,18,18,102.71,88.33
PO-2025-0021-L013,PO-2025-0021,var_000567,17,17,102.71,88.33
PO-2025-0021-L014,PO-2025-0021,var_000593,38,38,19.67,16.92
PO-2025-0021-L015,PO-2025-0021,var_000594,40,40,19.67,16.92
PO-2025-0021-L016,PO-2025-0021,var_000595,36,36,19.67,16.92
